{
  "example_name": "EX01_stuart_landau_3nodes_detuned",
  "N": 3,
  "dim": 6,
  "eps": 1.55,
  "gamma": 0.1,
  "T_sim": 60.0,
  "dt": 0.02,
  "tau": 0.5,
  "subdiv_min": 12,
  "subdiv_max": 24,
  "subdiv_init": 6,
  "subdiv_limit": 10000,
  "lower_bounds": [
    -1.5859288711008777,
    -1.4814741817195503,
    -1.489220505638089,
    -1.5419446339748784,
    -1.6252934586691825,
    -1.5223854383240065
  ],
  "upper_bounds": [
    1.9971857742201755,
    1.4818758208354672,
    1.4905166994318144,
    1.7483889267949757,
    1.5264672933459118,
    1.504572737729847
  ],
  "elapsed_seconds": 48.47685194015503,
  "num_morse_sets": 1,
  "num_phase_space_boxes": 4096
}